{
	"id": "f08dd180-9fa7-4af0-b170-c66de188dbbc",
	"name": "QA",
	"values": [
		{
			"key": "baseURL",
			"value": "https://api.todoist.com/rest/v1/projects",
			"enabled": true
		},
		{
			"key": "token",
			"value": "ed3ecb40e2e028fe7aaf8df9066e5fcc29f0d231",
			"enabled": true
		},
		{
			"key": "projectName",
			"value": "Wizeline",
			"enabled": true
		},
		{
			"key": "projectId",
			"value": 2261452090,
			"enabled": true
		},
		{
			"key": "invalidprojectId",
			"value": "2261451500",
			"enabled": true
		}
	],
	"_postman_variable_scope": "environment",
	"_postman_exported_at": "2021-03-23T01:59:10.115Z",
	"_postman_exported_using": "Postman/8.0.7"
}