{
  "aggregate": {
    "timestamp": "2021-03-25T01:53:19.640Z",
    "scenariosCreated": 300,
    "scenariosCompleted": 111,
    "requestsCompleted": 933,
    "latency": {
      "min": 72,
      "max": 5589.1,
      "median": 291.8,
      "p95": 5158.7,
      "p99": 5302.1
    },
    "rps": {
      "count": 933,
      "mean": 15.49
    },
    "scenarioDuration": {
      "min": 1835.8,
      "max": 15676.4,
      "median": 8575.6,
      "p95": 12854.8,
      "p99": 15340.7
    },
    "scenarioCounts": {
      "0": 300
    },
    "errors": {},
    "codes": {
      "200": 455,
      "204": 144,
      "429": 213,
      "500": 121
    },
    "matches": 0,
    "customStats": {},
    "counters": {},
    "scenariosAvoided": 0,
    "phases": [
      {
        "duration": 60,
        "arrivalRate": 5,
        "name": "Phase 1"
      }
    ]
  },
  "intermediate": [
    {
      "timestamp": "2021-03-25T01:52:29.124Z",
      "scenariosCreated": 49,
      "scenariosCompleted": 13,
      "requestsCompleted": 150,
      "latency": {
        "min": 72,
        "max": 5190.1,
        "median": 309.7,
        "p95": 5049.9,
        "p99": 5166.2
      },
      "rps": {
        "count": 182,
        "mean": 18.76
      },
      "scenarioDuration": {
        "min": 2217.3,
        "max": 7955.8,
        "median": 4704.1,
        "p95": 7826.1,
        "p99": 7955.8
      },
      "scenarioCounts": {
        "0": 49
      },
      "errors": {},
      "codes": {
        "200": 112,
        "204": 30,
        "500": 8
      },
      "matches": 0,
      "latencies": [
        356819500,
        327461700,
        262549300,
        386641900,
        366499600,
        242085600,
        212287900,
        611171000,
        669693000,
        189350600,
        448764700,
        142921400,
        296962000,
        281642800,
        342628400,
        278563700,
        576610700,
        259238400,
        141859100,
        728507800,
        258713400,
        809463400,
        161528500,
        798153600,
        152206700,
        288534100,
        959986700,
        271003100,
        494120800,
        167378600,
        98313600,
        291318200,
        481950000,
        509838600,
        230083700,
        1098311700,
        163004300,
        180411800,
        161557000,
        183438200,
        496431100,
        614524700,
        666059900,
        163365900,
        1031141200,
        1511399800,
        153704900,
        270889700,
        382279500,
        924402400,
        147456300,
        206110500,
        422516400,
        860184500,
        2167645200,
        81807600,
        189632800,
        1557945300,
        1093866000,
        255019600,
        168313400,
        1614197400,
        203761500,
        81931400,
        595391000,
        191979800,
        263607300,
        1317771000,
        183391800,
        335607200,
        1488011500,
        309073200,
        2182371700,
        212443700,
        2897720600,
        1209188100,
        280158000,
        158541800,
        207662200,
        802258300,
        159379400,
        162497800,
        1838854500,
        232876200,
        88621300,
        171021400,
        1573430400,
        72643300,
        291780400,
        78282500,
        647222900,
        5166236300,
        343883700,
        152289400,
        274442500,
        1885876800,
        5159264700,
        158851200,
        153648300,
        5159658100,
        1235250000,
        1763671500,
        429907700,
        256372600,
        77375200,
        2469342700,
        819364700,
        194621200,
        100185100,
        1357966400,
        188774200,
        78663100,
        1536331500,
        507002900,
        71964900,
        271346600,
        885828600,
        182797400,
        370941100,
        2501391300,
        267817600,
        5145919800,
        4375979700,
        87506600,
        172963600,
        3650232300,
        763644300,
        562507400,
        169678700,
        82143000,
        1294289200,
        5075143600,
        82649900,
        245100400,
        1082811700,
        4836514500,
        164514100,
        5064847200,
        5049924000,
        1847722300,
        5190090000,
        2954118600,
        194382100,
        310396800,
        4302073600,
        186080600,
        3347751700,
        1160642300,
        187447000,
        77518900
      ],
      "customStats": {},
      "counters": {},
      "concurrency": 32,
      "pendingRequests": 32,
      "scenariosAvoided": 0
    },
    {
      "timestamp": "2021-03-25T01:52:39.119Z",
      "scenariosCreated": 50,
      "scenariosCompleted": 29,
      "requestsCompleted": 194,
      "latency": {
        "min": 72.8,
        "max": 5451.6,
        "median": 759.8,
        "p95": 5161.8,
        "p99": 5236
      },
      "rps": {
        "count": 203,
        "mean": 20.36
      },
      "scenarioDuration": {
        "min": 3525.3,
        "max": 12222.1,
        "median": 8962.3,
        "p95": 11446.3,
        "p99": 12222.1
      },
      "scenarioCounts": {
        "0": 50
      },
      "errors": {},
      "codes": {
        "200": 120,
        "204": 39,
        "500": 35
      },
      "matches": 0,
      "latencies": [
        981333800,
        229037000,
        4789027800,
        1667391600,
        140812800,
        766481600,
        248008700,
        645549500,
        235359800,
        1775507500,
        5066570200,
        157844600,
        74828200,
        646791100,
        323998600,
        202100000,
        152777900,
        4874082800,
        183179600,
        2514573000,
        100575500,
        2271536400,
        330895000,
        214178500,
        1032132300,
        158688000,
        3666255700,
        87134100,
        4639974000,
        5057300300,
        252316800,
        78032200,
        3229873000,
        1069470400,
        210191700,
        5080698400,
        967805600,
        159793900,
        222593700,
        947382600,
        83147500,
        5172394500,
        541284500,
        5103432800,
        176230100,
        5451641800,
        3820902500,
        163169000,
        753040500,
        72781800,
        5081948800,
        3012843400,
        259947900,
        1933751400,
        179972600,
        206293000,
        5171616200,
        823991300,
        151501500,
        84128200,
        248273300,
        5130136500,
        247898500,
        5098811500,
        2147495400,
        2447348900,
        168050700,
        224608000,
        4334883100,
        2016115700,
        250022100,
        1724294700,
        172566800,
        1016160000,
        465870500,
        219195700,
        5091314500,
        183380400,
        3944651500,
        82804600,
        5196626200,
        208880500,
        87431900,
        4700692200,
        154308200,
        5047478900,
        5145386500,
        2407837100,
        5070147300,
        75987300,
        1871818600,
        248331900,
        1597604600,
        212635000,
        97772600,
        3005142700,
        5040651100,
        239014400,
        4914484000,
        1738543900,
        1021661700,
        107424000,
        303346800,
        914933400,
        242331900,
        5075597300,
        5059858500,
        3572430000,
        167027500,
        3591596600,
        719969900,
        143325000,
        5095012600,
        212255100,
        3875195200,
        5049615000,
        153952400,
        3697542900,
        148118000,
        5105225500,
        150908500,
        1559154800,
        257764100,
        476790500,
        134549800,
        5113338000,
        5104438200,
        144603100,
        271695600,
        2950830400,
        184529000,
        5222776000,
        104306300,
        5069011800,
        3256763200,
        174534700,
        5152869500,
        1637127900,
        2227859800,
        310137400,
        82071100,
        694332000,
        5064156100,
        75108200,
        255951900,
        5177720600,
        1125420500,
        1456855200,
        270579000,
        83684500,
        5074253000,
        153910900,
        5064885900,
        5163480700,
        4463347500,
        175687700,
        2715036400,
        77057200,
        5246445500,
        1143574400,
        5100315500,
        229348900,
        118694500,
        209936000,
        4532743600,
        2152812000,
        780929000,
        170788000,
        3938887100,
        94320700,
        5145633900,
        173661900,
        5184401600,
        4509671100,
        904468600,
        209628900,
        598442500,
        170933400,
        5105218500,
        148420800,
        192001100,
        5169156800,
        4003256300,
        165160200,
        5155272100,
        364112800,
        5083627600,
        77864500,
        149361900,
        4680752800,
        2982212300,
        254310900,
        513711800,
        176668900
      ],
      "customStats": {},
      "counters": {},
      "concurrency": 41,
      "pendingRequests": 41,
      "scenariosAvoided": 0
    },
    {
      "timestamp": "2021-03-25T01:52:49.109Z",
      "scenariosCreated": 50,
      "scenariosCompleted": 35,
      "requestsCompleted": 193,
      "latency": {
        "min": 74.3,
        "max": 5472.8,
        "median": 1202.4,
        "p95": 5168.6,
        "p99": 5339.2
      },
      "rps": {
        "count": 190,
        "mean": 19.04
      },
      "scenarioDuration": {
        "min": 1853.9,
        "max": 15126.2,
        "median": 10144.7,
        "p95": 12931.7,
        "p99": 15126.2
      },
      "scenarioCounts": {
        "0": 50
      },
      "errors": {},
      "codes": {
        "200": 108,
        "204": 45,
        "500": 40
      },
      "matches": 0,
      "latencies": [
        100165400,
        1677587300,
        888080300,
        147662200,
        257804200,
        3406789800,
        296943300,
        4866578300,
        206385500,
        1714733400,
        5148918400,
        909962600,
        5059181200,
        5092546100,
        277823200,
        157986700,
        1985047900,
        5364419800,
        5107910500,
        184361300,
        1242862400,
        4646170000,
        4422201800,
        5071348800,
        75192800,
        294148000,
        549142400,
        199791900,
        3943796300,
        2134979300,
        206115300,
        2717174600,
        257619400,
        156979600,
        5120281700,
        244776800,
        2431226700,
        4660512900,
        2982583800,
        5137853000,
        265582200,
        98163700,
        2046463900,
        201280500,
        3142780300,
        2035100600,
        1202374000,
        5168811500,
        5067480300,
        363735400,
        220059500,
        150414000,
        3196037700,
        5050806100,
        5287365100,
        164193300,
        5122631500,
        5079279100,
        5174356800,
        2780719300,
        75158600,
        1903329600,
        5076405100,
        1176781100,
        5050912700,
        240499100,
        76343200,
        157728500,
        1131139100,
        2201700100,
        5121220400,
        197731100,
        1217940200,
        5081508100,
        141216500,
        492187400,
        211172200,
        5140462200,
        196137800,
        3039205000,
        99111400,
        369055400,
        215892000,
        2139270900,
        2879923600,
        187466700,
        2944333200,
        186616800,
        4027832300,
        154646500,
        103772600,
        4128663400,
        199744000,
        3018154800,
        5059592100,
        5088619800,
        1360547300,
        188626400,
        166172400,
        4815372400,
        5108520800,
        3406406100,
        282317800,
        2363753200,
        182823900,
        1032250100,
        2686365700,
        5081626000,
        178794400,
        5094337200,
        2287747700,
        649768800,
        85676000,
        249724400,
        2764205900,
        179789400,
        5167369800,
        4505724100,
        590000400,
        85912100,
        5094566300,
        94804100,
        308452900,
        3101497400,
        74295000,
        278266200,
        1372491200,
        2226483700,
        457726600,
        342722900,
        162934400,
        1891195900,
        5064083500,
        158561700,
        255717000,
        456974200,
        1778056400,
        512896000,
        225337500,
        5119223100,
        257679100,
        1259260700,
        468180500,
        255123100,
        5472779500,
        2113776800,
        5089945000,
        5129529600,
        292949700,
        307703500,
        5127276800,
        5092458000,
        5204537200,
        5240033200,
        1006109900,
        264310200,
        210017200,
        823172600,
        635776800,
        170237200,
        4690044700,
        900494900,
        5161728400,
        140697900,
        253143100,
        94909200,
        2808414000,
        464179000,
        1982604500,
        5177556300,
        215083900,
        601185600,
        271645500,
        5305688100,
        5071413300,
        534546400,
        2699229100,
        1192453600,
        5153814500,
        186838700,
        5154779900,
        88239900,
        273495500,
        524714500,
        5075694900,
        274230900,
        3438509800,
        3850161700,
        5100369300,
        4150024200,
        252839200,
        803366000,
        5232448700
      ],
      "customStats": {},
      "counters": {},
      "concurrency": 38,
      "pendingRequests": 38,
      "scenariosAvoided": 0
    },
    {
      "timestamp": "2021-03-25T01:52:59.116Z",
      "scenariosCreated": 50,
      "scenariosCompleted": 34,
      "requestsCompleted": 192,
      "latency": {
        "min": 87.1,
        "max": 5589.1,
        "median": 302.1,
        "p95": 5225.2,
        "p99": 5437.6
      },
      "rps": {
        "count": 155,
        "mean": 15.48
      },
      "scenarioDuration": {
        "min": 1835.8,
        "max": 15676.4,
        "median": 8567.2,
        "p95": 14701.5,
        "p99": 15676.4
      },
      "scenarioCounts": {
        "0": 50
      },
      "errors": {},
      "codes": {
        "200": 80,
        "204": 30,
        "429": 44,
        "500": 38
      },
      "matches": 0,
      "latencies": [
        870273800,
        5350097800,
        355696400,
        154119400,
        5087895700,
        102248000,
        263192900,
        5089030700,
        364355300,
        2670380900,
        193355400,
        350504400,
        1080310700,
        2318351000,
        191676000,
        171849800,
        102026500,
        104480300,
        2310618700,
        272498500,
        259459900,
        1501294400,
        5375207900,
        1287824200,
        102083500,
        265740000,
        5155604000,
        898485100,
        5151625200,
        686086600,
        261425700,
        2288696400,
        5107347500,
        4900716600,
        174376900,
        383909300,
        474210900,
        484680500,
        5130412800,
        197073300,
        5123505800,
        1477309300,
        254690100,
        99070900,
        258288300,
        2985015200,
        793348100,
        96390000,
        5118259200,
        216648600,
        5190376600,
        3979494100,
        501222000,
        5589135100,
        419851200,
        240021400,
        5185331200,
        811416900,
        5080819600,
        87086100,
        2392273000,
        278816900,
        1151437600,
        1442605300,
        246929200,
        5213337600,
        101211300,
        2808972600,
        5301305300,
        203590200,
        96537600,
        3853306300,
        5128398400,
        168471900,
        5226067800,
        1277654900,
        87472800,
        188111000,
        5209585100,
        493684900,
        112406900,
        131497600,
        5482745800,
        890708100,
        212955000,
        106566600,
        5188846000,
        172223500,
        5216480300,
        178269600,
        105813400,
        3210324100,
        290318900,
        5275105300,
        878725200,
        201791700,
        5275641000,
        112107700,
        5147032500,
        218396300,
        1165284000,
        119721100,
        173046000,
        1249239500,
        261163600,
        98820000,
        4850642000,
        350382200,
        107675800,
        5355889500,
        2467935700,
        5217126600,
        432934100,
        5199004200,
        4039470100,
        315973200,
        104405000,
        2594358800,
        186659700,
        251144400,
        155671100,
        2438713300,
        98800700,
        5227037100,
        209278800,
        2664494300,
        5121486700,
        98799700,
        99702300,
        3378124600,
        115888900,
        2240143500,
        115631600,
        5194839000,
        286033300,
        94705800,
        4706879600,
        140125400,
        5184320000,
        254590800,
        4093520700,
        127434700,
        96274400,
        4801576300,
        316977800,
        4148396600,
        108536600,
        5190082700,
        312470500,
        3889833300,
        132704200,
        4879901200,
        330898600,
        3051993600,
        193227600,
        105368600,
        3749333000,
        106610900,
        189750000,
        207418400,
        3749028700,
        94788200,
        160322700,
        4495491300,
        349200600,
        174261000,
        4536671600,
        157791100,
        183337000,
        291797000,
        4463990900,
        203779800,
        165102500,
        109677500,
        222476400,
        148546600,
        175900100,
        153782200,
        272903400,
        165757500,
        109436900,
        97601000,
        161656400,
        96360200,
        162174900,
        109246300,
        189927200,
        133470700,
        241875500,
        159208400,
        228282600,
        103821000
      ],
      "customStats": {},
      "counters": {},
      "concurrency": 1,
      "pendingRequests": 1,
      "scenariosAvoided": 0
    },
    {
      "timestamp": "2021-03-25T01:53:09.112Z",
      "scenariosCreated": 50,
      "scenariosCompleted": 0,
      "requestsCompleted": 99,
      "latency": {
        "min": 97,
        "max": 1319.1,
        "median": 204.7,
        "p95": 509.1,
        "p99": 1230.9
      },
      "rps": {
        "count": 100,
        "mean": 10.01
      },
      "scenarioDuration": {
        "min": null,
        "max": null,
        "median": null,
        "p95": null,
        "p99": null
      },
      "scenarioCounts": {
        "0": 50
      },
      "errors": {},
      "codes": {
        "200": 35,
        "429": 64
      },
      "matches": 0,
      "latencies": [
        268324100,
        176585100,
        281887000,
        173263900,
        116875600,
        113599500,
        180533500,
        162721900,
        293278600,
        196580000,
        113005900,
        195382500,
        342258600,
        229407700,
        104492000,
        100961700,
        208557200,
        170985000,
        185686200,
        113686100,
        173485400,
        105625500,
        202455200,
        165928600,
        213169400,
        96999000,
        313263800,
        107353500,
        199157700,
        112759600,
        288759500,
        155874700,
        304213600,
        254588200,
        182108300,
        167030000,
        234691000,
        521862400,
        176868500,
        312302100,
        179414700,
        388612800,
        554469200,
        171950100,
        268092000,
        173902200,
        426762900,
        187448600,
        421666200,
        298730300,
        1319147000,
        1138956200,
        116406500,
        272739200,
        162124700,
        189703300,
        213930000,
        248039400,
        187620400,
        190926300,
        270924600,
        145878800,
        229080800,
        114949500,
        206833400,
        190849100,
        328940900,
        121775700,
        327620000,
        170297600,
        416155500,
        232438900,
        204826900,
        186152600,
        173889200,
        493490300,
        554180600,
        487826800,
        342162400,
        246360100,
        116450000,
        204718200,
        396856400,
        243648000,
        127136700,
        198974100,
        268601900,
        106578300,
        277256100,
        126246600,
        441859100,
        244635800,
        100921800,
        187946400,
        263687200,
        211857800,
        207218000,
        426385200,
        386069900
      ],
      "customStats": {},
      "counters": {},
      "concurrency": 2,
      "pendingRequests": 2,
      "scenariosAvoided": 0
    },
    {
      "timestamp": "2021-03-25T01:53:19.108Z",
      "scenariosCreated": 50,
      "scenariosCompleted": 0,
      "requestsCompleted": 100,
      "latency": {
        "min": 93.1,
        "max": 906.3,
        "median": 202.2,
        "p95": 412.8,
        "p99": 698.5
      },
      "rps": {
        "count": 100,
        "mean": 10.01
      },
      "scenarioDuration": {
        "min": null,
        "max": null,
        "median": null,
        "p95": null,
        "p99": null
      },
      "scenarioCounts": {
        "0": 50
      },
      "errors": {},
      "codes": {
        "429": 100
      },
      "matches": 0,
      "latencies": [
        340520000,
        179964200,
        96573900,
        286517800,
        204232400,
        146816700,
        178567800,
        306400100,
        123090300,
        453294400,
        369510200,
        199758300,
        359222000,
        181409600,
        229451100,
        107583600,
        113281100,
        263476600,
        248780000,
        325084400,
        174348900,
        346509100,
        292757000,
        191426900,
        209995300,
        313971700,
        203896600,
        170179000,
        136548200,
        225221700,
        252314500,
        304426600,
        176608200,
        272054800,
        132818500,
        409570800,
        326390000,
        162606500,
        93057300,
        294767400,
        198140600,
        106956100,
        113206500,
        296782800,
        234420500,
        194603100,
        137930900,
        217651300,
        165914900,
        442203800,
        415960600,
        218115800,
        159964800,
        210515800,
        490657700,
        198834600,
        240267900,
        331087700,
        200377500,
        101107600,
        99431800,
        340597800,
        226872900,
        118471500,
        162758900,
        196480800,
        101178400,
        201443900,
        98755400,
        402699800,
        95345200,
        364097200,
        210122500,
        189244200,
        188338000,
        332925600,
        113092900,
        313920200,
        159721200,
        286962700,
        133438500,
        223464900,
        196801400,
        176708100,
        906322200,
        122251600,
        163357400,
        401119700,
        226090000,
        168706800,
        160574600,
        202876400,
        116416400,
        273580500,
        216604300,
        189844700,
        189873000,
        354120500,
        296861400,
        170312200
      ],
      "customStats": {},
      "counters": {},
      "concurrency": 2,
      "pendingRequests": 2,
      "scenariosAvoided": 0
    },
    {
      "timestamp": "2021-03-25T01:53:19.624Z",
      "scenariosCreated": 1,
      "scenariosCompleted": 0,
      "requestsCompleted": 5,
      "latency": {
        "min": 113,
        "max": 305,
        "median": 189,
        "p95": 305,
        "p99": 305
      },
      "rps": {
        "count": 3,
        "mean": 5.88
      },
      "scenarioDuration": {
        "min": null,
        "max": null,
        "median": null,
        "p95": null,
        "p99": null
      },
      "scenarioCounts": {
        "0": 1
      },
      "errors": {},
      "codes": {
        "429": 5
      },
      "matches": 0,
      "latencies": [
        188956500,
        305028000,
        203292300,
        118895500,
        112975000
      ],
      "customStats": {},
      "counters": {},
      "concurrency": 0,
      "pendingRequests": 0,
      "scenariosAvoided": 0
    }
  ]
}