{
	"info": {
		"_postman_id": "6bb9bcf8-d8ea-4a3d-bda6-6e5505fe9565",
		"name": "TodoistTestMartha",
		"schema": "https://schema.getpostman.com/json/collection/v2.1.0/collection.json"
	},
	"item": [
		{
			"name": "PROJECT",
			"item": [
				{
					"name": "Create Project",
					"item": [
						{
							"name": "Create a new project",
							"event": [
								{
									"listen": "test",
									"script": {
										"exec": [
											"\r",
											"var jsonData = pm.response.json();\r",
											"var name = pm.environment.get(\"projectName\");\r",
											"pm.test(\"Project Name is correct\", function () {\r",
											"    pm.expect(jsonData.name).to.eql(name);\r",
											"});\r",
											"\r",
											"pm.environment.set(\"projectId\", jsonData.id);"
										],
										"type": "text/javascript"
									}
								}
							],
							"request": {
								"method": "POST",
								"header": [
									{
										"key": "Content-Type",
										"value": "application/json",
										"type": "text"
									},
									{
										"key": "X-Requested-Id",
										"value": "$(uuidgen)",
										"type": "text"
									}
								],
								"body": {
									"mode": "raw",
									"raw": "{\r\n    \"name\": \"{{projectName}}\"\r\n}"
								},
								"url": {
									"raw": "{{baseURL}}",
									"host": [
										"{{baseURL}}"
									]
								}
							},
							"response": []
						},
						{
							"name": "Create projects",
							"event": [
								{
									"listen": "test",
									"script": {
										"exec": [
											"\r",
											"var jsonData = pm.response.json();\r",
											"var name = pm.variables.get(\"projectNameDDT\");\r",
											"pm.test(\"Project Name is correct\", function () {\r",
											"    pm.expect(jsonData.name).to.eql(name);\r",
											"});\r",
											"\r",
											"var time = pm.variables.get(\"responseTime\");\r",
											"pm.test(\"Response time is less than 600ms\", function () {\r",
											"    pm.expect(pm.response.responseTime).to.be.below(time);\r",
											"});\r",
											"\r",
											"\r",
											"\r",
											""
										],
										"type": "text/javascript"
									}
								}
							],
							"request": {
								"method": "POST",
								"header": [
									{
										"key": "Content-Type",
										"value": "application/json",
										"type": "text"
									},
									{
										"key": "X-Requested-Id",
										"value": "$(uuidgen)",
										"type": "text"
									}
								],
								"body": {
									"mode": "raw",
									"raw": "{\r\n    \"name\": \"{{projectNameDDT}}\",\r\n    \"time\": \"{{responseTime}}\"\r\n}"
								},
								"url": {
									"raw": "{{baseURL}}",
									"host": [
										"{{baseURL}}"
									]
								}
							},
							"response": []
						},
						{
							"name": "Create projects negative",
							"event": [
								{
									"listen": "test",
									"script": {
										"exec": [
											"\r",
											"\r",
											"pm.test(\"Response time is not less than 10ms\", function () {\r",
											"    pm.expect(pm.response.responseTime).to.be.below(10);\r",
											"});\r",
											"\r",
											"\r",
											""
										],
										"type": "text/javascript"
									}
								}
							],
							"request": {
								"method": "POST",
								"header": [
									{
										"key": "Content-Type",
										"value": "application/json",
										"type": "text"
									},
									{
										"key": "X-Requested-Id",
										"value": "$(uuidgen)",
										"type": "text"
									}
								],
								"body": {
									"mode": "raw",
									"raw": "{\r\n    \"time\": \"{{responseTime}}\"\r\n}"
								},
								"url": {
									"raw": "{{baseURL}}",
									"host": [
										"{{baseURL}}"
									]
								}
							},
							"response": []
						}
					]
				},
				{
					"name": "Get Project",
					"item": [
						{
							"name": "Get Project",
							"event": [
								{
									"listen": "test",
									"script": {
										"exec": [
											"\r",
											"var id = pm.environment.get(\"projectId\");\r",
											"pm.test(\"Project Id is correct\", function () {\r",
											"    var jsonData = pm.response.json();\r",
											"    pm.expect(jsonData.id).to.eql(id);\r",
											"});\r",
											"\r",
											"\r",
											"\r",
											""
										],
										"type": "text/javascript"
									}
								}
							],
							"request": {
								"method": "GET",
								"header": [],
								"url": {
									"raw": "{{baseURL}}/{{projectId}}",
									"host": [
										"{{baseURL}}"
									],
									"path": [
										"{{projectId}}"
									]
								}
							},
							"response": []
						},
						{
							"name": "Get Project negative",
							"event": [
								{
									"listen": "test",
									"script": {
										"exec": [
											"\r",
											"var id = pm.environment.get(\"invalidprojectId\");\r",
											"pm.test(\"Project Id is not correct\", function () {\r",
											"    var jsonData = pm.response.json();\r",
											"    pm.expect(jsonData.id).to.eql(id);\r",
											"});\r",
											"\r",
											""
										],
										"type": "text/javascript"
									}
								}
							],
							"request": {
								"method": "GET",
								"header": [],
								"url": {
									"raw": "{{baseURL}}/{{projectId}}",
									"host": [
										"{{baseURL}}"
									],
									"path": [
										"{{projectId}}"
									]
								}
							},
							"response": []
						}
					]
				},
				{
					"name": "Update Project",
					"item": [
						{
							"name": "Update project",
							"event": [
								{
									"listen": "test",
									"script": {
										"exec": [
											"pm.test(\"Response time is not less than 200ms\", function () {\r",
											"    pm.expect(pm.response.responseTime).to.be.below(200);\r",
											"});\r",
											"\r",
											""
										],
										"type": "text/javascript"
									}
								}
							],
							"request": {
								"method": "POST",
								"header": [
									{
										"key": "Content-Type",
										"value": "application/json",
										"type": "text"
									},
									{
										"key": "X-Requested-Id",
										"value": "$(uuidgen)",
										"type": "text"
									}
								],
								"body": {
									"mode": "raw",
									"raw": "{\r\n    \"name\": \"Updated\"\r\n}"
								},
								"url": {
									"raw": "{{baseURL}}/{{projectId}}",
									"host": [
										"{{baseURL}}"
									],
									"path": [
										"{{projectId}}"
									]
								}
							},
							"response": []
						},
						{
							"name": "Update project negative",
							"event": [
								{
									"listen": "test",
									"script": {
										"exec": [
											"\r",
											"\r",
											""
										],
										"type": "text/javascript"
									}
								}
							],
							"request": {
								"method": "POST",
								"header": [
									{
										"key": "Content-Type",
										"value": "application/json",
										"type": "text"
									},
									{
										"key": "X-Requested-Id",
										"value": "$(uuidgen)",
										"type": "text"
									}
								],
								"body": {
									"mode": "raw",
									"raw": "{\r\n    \"name\": \"Updated\"\r\n}"
								},
								"url": {
									"raw": "{{baseURL}}/{{invalidprojectId}}",
									"host": [
										"{{baseURL}}"
									],
									"path": [
										"{{invalidprojectId}}"
									]
								}
							},
							"response": []
						}
					]
				},
				{
					"name": "Delete Project",
					"item": [
						{
							"name": "Delete project",
							"event": [
								{
									"listen": "test",
									"script": {
										"exec": [
											""
										],
										"type": "text/javascript"
									}
								}
							],
							"request": {
								"method": "DELETE",
								"header": [],
								"url": {
									"raw": "{{baseURL}}/{{projectId}}",
									"host": [
										"{{baseURL}}"
									],
									"path": [
										"{{projectId}}"
									]
								}
							},
							"response": []
						},
						{
							"name": "Delete project negative",
							"event": [
								{
									"listen": "test",
									"script": {
										"exec": [
											""
										],
										"type": "text/javascript"
									}
								}
							],
							"request": {
								"method": "DELETE",
								"header": [],
								"url": {
									"raw": "{{baseURL}}/{{invalidprojectId}}",
									"host": [
										"{{baseURL}}"
									],
									"path": [
										"{{invalidprojectId}}"
									]
								}
							},
							"response": []
						}
					]
				}
			]
		}
	],
	"auth": {
		"type": "bearer",
		"bearer": [
			{
				"key": "token",
				"value": "{{token}}",
				"type": "string"
			}
		]
	},
	"event": [
		{
			"listen": "prerequest",
			"script": {
				"type": "text/javascript",
				"exec": [
					""
				]
			}
		},
		{
			"listen": "test",
			"script": {
				"type": "text/javascript",
				"exec": [
					"pm.test(\"Status code is 2xx\", function () {",
					"    pm.response.to.be.success;",
					"});"
				]
			}
		}
	]
}